labeled size,misclassification rate
128,0.5101517022824755
256,0.3318340226715686
64,0.5552408854166666
